{
  "project_info": {
    "project_number": "869447039313",
    "firebase_url": "https://receipt-29980-default-rtdb.europe-west1.firebasedatabase.app",
    "project_id": "receipt-29980",
    "storage_bucket": "receipt-29980.appspot.com"
  },
  "client": [
    {
      "client_info": {
        "mobilesdk_app_id": "1:869447039313:android:70a0d19e8612b1ea997b70",
        "android_client_info": {
          "package_name": "com.hfad.firebase"
        }
      },
      "oauth_client": [
        {
          "client_id": "869447039313-5drfvk13dbnft5o2f59bfg03vvsfd5gl.apps.googleusercontent.com",
          "client_type": 3
        }
      ],
      "api_key": [
        {
          "current_key": "AIzaSyC44460CrIAqYzhqg5I5wasUE--ntPtpww"
        }
      ],
      "services": {
        "appinvite_service": {
          "other_platform_oauth_client": [
            {
              "client_id": "869447039313-5drfvk13dbnft5o2f59bfg03vvsfd5gl.apps.googleusercontent.com",
              "client_type": 3
            }
          ]
        }
      }
    }
  ],
  "configuration_version": "1"
}